{
	"info": {
		"_postman_id": "96033465-4d64-48f6-a856-441437952b68",
		"name": "Desafio Validação e segurança",
		"schema": "https://schema.getpostman.com/json/collection/v2.1.0/collection.json",
		"_exporter_id": "1242165",
		"_collection_link": "https://www.postman.com/devsuperior-oficial/workspace/bds-3-0/collection/1242165-96033465-4d64-48f6-a856-441437952b68?action=share&creator=1242165&source=collection_link"
	},
	"item": [
		{
			"name": "Login",
			"event": [
				{
					"listen": "test",
					"script": {
						"exec": [
							"if (responseCode.code >= 200 && responseCode.code < 300) {\r",
							"    var json = JSON.parse(responseBody);\r",
							"    postman.setEnvironmentVariable('token', json.access_token);\r",
							"}"
						],
						"type": "text/javascript"
					}
				}
			],
			"request": {
				"auth": {
					"type": "basic",
					"basic": [
						{
							"key": "username",
							"value": "{{client-id}}",
							"type": "string"
						},
						{
							"key": "password",
							"value": "{{client-secret}}",
							"type": "string"
						},
						{
							"key": "showPassword",
							"value": false,
							"type": "boolean"
						}
					]
				},
				"method": "POST",
				"header": [],
				"body": {
					"mode": "urlencoded",
					"urlencoded": [
						{
							"key": "username",
							"value": "{{username}}",
							"type": "text"
						},
						{
							"key": "password",
							"value": "{{password}}",
							"type": "text"
						},
						{
							"key": "grant_type",
							"value": "password",
							"type": "text"
						}
					]
				},
				"url": {
					"raw": "{{host}}/oauth2/token",
					"host": [
						"{{host}}"
					],
					"path": [
						"oauth2",
						"token"
					]
				}
			},
			"response": []
		},
		{
			"name": "All cities",
			"request": {
				"method": "GET",
				"header": [],
				"url": {
					"raw": "{{host}}/cities",
					"host": [
						"{{host}}"
					],
					"path": [
						"cities"
					]
				}
			},
			"response": []
		},
		{
			"name": "New city",
			"request": {
				"auth": {
					"type": "bearer",
					"bearer": [
						{
							"key": "token",
							"value": "{{token}}",
							"type": "string"
						}
					]
				},
				"method": "POST",
				"header": [],
				"body": {
					"mode": "raw",
					"raw": "{\r\n    \"name\": \"New city\"\r\n}\r\n",
					"options": {
						"raw": {
							"language": "json"
						}
					}
				},
				"url": {
					"raw": "{{host}}/cities",
					"host": [
						"{{host}}"
					],
					"path": [
						"cities"
					]
				}
			},
			"response": []
		},
		{
			"name": "Events paged",
			"request": {
				"method": "GET",
				"header": [],
				"url": {
					"raw": "{{host}}/events",
					"host": [
						"{{host}}"
					],
					"path": [
						"events"
					]
				}
			},
			"response": []
		},
		{
			"name": "New event",
			"request": {
				"auth": {
					"type": "bearer",
					"bearer": [
						{
							"key": "token",
							"value": "{{token}}",
							"type": "string"
						}
					]
				},
				"method": "POST",
				"header": [],
				"body": {
					"mode": "raw",
					"raw": "{\r\n    \"name\": \"Novo evento\",\r\n    \"url\": \"https://novoevento.com.br\",\r\n    \"date\": \"2024-07-15\",\r\n    \"cityId\": 1\r\n}",
					"options": {
						"raw": {
							"language": "json"
						}
					}
				},
				"url": {
					"raw": "{{host}}/events",
					"host": [
						"{{host}}"
					],
					"path": [
						"events"
					]
				}
			},
			"response": []
		}
	]
}